Supplier Name,Address,City,Country,Postal Code,Tax ID,Email,Website,Name 2,Name 3
Minister of Finance,Frost Building South,Toronto,CA,31465,,contact@ontario.ca,https://ontario.ca,,
Minister of Finance (DEACTIVATED),982 Building South,Vancouver,CA,50768,,contact@ontario.ca,https://ontario.ca,,
427 QEW Kia,427/QEW Highway,Mississauga,CA,24168,,contact@427kia.ca,https://427kia.ca,,
A+B One Kommunikationsagentur GmbH,Frankfurter Str 10,Frankfurt,DE,85849,,contact@abone.de,https://abone.de,,
C AND T INVESTMENTS INC,500 W Madison St,Chicago,US,13365,06-1594084,contact@ctinvestments.com,https://ctinvestments.com,,
Pitney Bowes,3001 Summer St,Stamford,US,50888,,contact@pitneybowes.com,https://pitneybowes.com,,
C and T Investments Inc,500 W Madison St,Chicago,US,85470,06-1594084,contact@ctinvestments.com,https://ctinvestments.com,,
Indeed Brasil Pesquisa de Empregos,Av. Pres. Juscelino Kubitschek,São Paulo,BR,98781,,contact@indeed.com,https://indeed.com,,
Indeed Brasil Pesquisa de Empregos,869 Pres. Juscelino Kubitschek,São Paulo,BR,59192,,contact@indeed.com,https://indeed.com,,
Boylan Pharmasave #302,123 Main St,Toronto,CA,61990,,contact@pharmasave.com,https://pharmasave.com,,
ABS Safety GmbH,Gewerbering 3,Kevelaer,DE,35995,DE233002380,contact@abs-safety.de,https://abs-safety.de,,
EUROFINS,23 Val Fleuri,Luxembourg,LU,19961,,contact@eurofins.com,https://eurofins.com,,
Sigma Aldrich,541 Spruce St,St. Louis,US,87607,,contact@merckgroup.com,https://merckgroup.com,,
Pitney Bowes,3001 Summer St,Stamford,US,92213,,contact@pitneybowes.com,https://pitneybowes.com,,
ABC-CZEPCZYŃSKI SP.ZO.O. SP.K.,ul. Warszawska 1,Warszawa,PL,41830,,contact@abc-czepczynski.pl,https://abc-czepczynski.pl,,
Cascade Thermal,2100 McKinney Ave,Dallas,US,23356,,contact@cbre.com,https://cbre.com,,
427 QEW Kia,427/QEW Highway,Mississauga,CA,49529,,contact@427kia.ca,https://427kia.ca,,
ADNKRONOS Salute SRL,Via della Magliana 900,Roma,IT,99687,IT98765432109,contact@adnkronos.com,https://adnkronos.com,,
Minister of Finance,Frost Building South,Toronto,CA,88697,,contact@ontario.ca,https://ontario.ca,,
DSMZ,Inhoffenstraße 7B,Braunschweig,DE,25866,,contact@dsmz.de,https://dsmz.de,,
DAIRY QUEEN,1 DQ Way,Minneapolis,US,84177,,contact@dairyqueen.com,https://dairyqueen.com,,
Indeed Brasil Pesquisa de Empregos,627 Pres. Juscelino Kubitschek,São Paulo,BR,15383,,contact@indeed.com,https://indeed.com,,
Boylan Pharmasave #302,123 Main St,Toronto,CA,55508,,contact@pharmasave.com,https://pharmasave.com,,
Dairy Queen,403 DQ Way,Minneapolis,US,79827,,contact@dairyqueen.com,https://dairyqueen.com,International Dairy Queen Inc,
Canarama Shell #44163,200 Main St,Edson,CA,66148,,contact@shell.ca,https://shell.ca,,
IQVIA,4820 Emperor Blvd,Durham,US,96706,,contact@iqvia.com,https://iqvia.com,,
ADNKRONOS Salute SRL,Via della Magliana 900,Roma,IT,58571,IT98765432109,contact@adnkronos.com,https://adnkronos.com,,
MINISTER OF FINANCE,Frost Building South,Toronto,CA,19038,,contact@ontario.ca,https://ontario.ca,,
A+B ONE KOMMUNIKATIONSAGENTUR GMBH,Frankfurter Str 10,Frankfurt,DE,76317,,contact@abone.de,https://abone.de,,
Indeed Inc,6433 Champion Grandview Way,Austin,US,94874,,contact@indeed.com,https://indeed.com,,
H.Y. Louie,123 Main St,Vancouver,CA,54725,,contact@hylouie.com,https://hylouie.com,,
ABS-BESCHICHTUNGEN GMBH,Ludwig-Erhard-Str 10,Kevelaer,DE,11658,,contact@abs-beschichtungen.de,https://abs-beschichtungen.de,,
DSMZ,Inhoffenstraße 7B,Braunschweig,DE,65057,,contact@dsmz.de,https://dsmz.de,,
RMHC of Ohio Valley Inc,123 Main St,Louisville,US,74251,,contact@rmhc.org,https://rmhc.org,,
Millipore,80 Ashby Rd,Burlington,US,23833,,contact@merckgroup.com,https://merckgroup.com,,
CASCADE THERMAL,2100 McKinney Ave,Dallas,US,66822,,contact@cbre.com,https://cbre.com,,
ADNKRONOS SPA,780 della Magliana 900,Roma,IT,57472,IT12345678901,contact@adnkronos.com,https://adnkronos.com,,
Biggar Esso,200 Main St,Biggar,CA,93307,,contact@esso.ca,https://esso.ca,,
IGA Supermarket,862 Food St,Ottawa,CA,70258,,contact@iga.ca,https://iga.ca,,
Cascade Thermal,2100 McKinney Ave,Dallas,US,30052,,contact@cbre.com,https://cbre.com,,
ADNKRONOS Salute SRL (DEACTIVATED),Via della Magliana 900,Roma,IT,67080,IT98765432109,contact@adnkronos.com,https://adnkronos.com,,
A+B ONE KOMMUNIKATIONSAGENTUR GMBH,148 Str 10,Frankfurt,DE,33086,,contact@abone.de,https://abone.de,,
IQVIA Australia Pty Ltd,"Level 5, 456 St Kilda Rd",Melbourne,AU,78386,,contact@iqvia.com,https://iqvia.com,,
IGA Supermarket,456 Food St,Calgary,CA,95256,,contact@iga.ca,https://iga.ca,,
THERMO FISHER SCIENTIFIC,168 Third Ave,Waltham,US,45400,,contact@thermofisher.com,https://thermofisher.com,,
C AND T INVESTMENTS INC,500 W Madison St,Chicago,US,90728,06-1594084,contact@ctinvestments.com,https://ctinvestments.com,,
C and T Investments Inc (DEACTIVATED),500 W Madison St,Chicago,US,80539,06-1594084,contact@ctinvestments.com,https://ctinvestments.com,,
427 QEW Kia,427/QEW Highway,Mississauga,CA,73372,,contact@427kia.ca,https://427kia.ca,,
427 QEW Kia,427/QEW Highway,Mississauga,CA,70931,,contact@427kia.ca,https://427kia.ca,,
C and T Investments Inc,500 W Madison St,Chicago,US,67091,06-1594084,contact@ctinvestments.com,https://ctinvestments.com,,
Dairy Queen,1 DQ Way,Minneapolis,US,87656,,contact@dairyqueen.com,https://dairyqueen.com,International Dairy Queen Inc,
UNIVERSITY OF CALIFORNIA LOS ANGELES,405 Hilgard Ave,Los Angeles,US,45179,,contact@ucla.edu,https://ucla.edu,,
Telus,25 York St,Toronto,CA,52245,,contact@telus.com,https://telus.com,,
ADNKRONOS Salute SRL,740 della Magliana 900,Roma,IT,42177,IT98765432109,contact@adnkronos.com,https://adnkronos.com,,
"Schlienkamp, Anja",804 1,Berlin,DE,21359,,contact@wallmeyer.de,https://wallmeyer.de,,
Indeed Inc,6433 Champion Grandview Way,Austin,US,46559,,contact@indeed.com,https://indeed.com,,
Telus,25 York St,Toronto,CA,69087,,contact@telus.com,https://telus.com,,
IGA,123 Grocery Ln,Vancouver,CA,41963,,contact@iga.ca,https://iga.ca,,
Dairy Queen,1 DQ Way,Minneapolis,US,70910,,contact@dairyqueen.com,https://dairyqueen.com,International Dairy Queen Inc,
Iron Mountain,415 Atlantic Ave,Boston,US,84691,,contact@ironmountain.com,https://ironmountain.com,,
Eurofins,23 Val Fleuri,Luxembourg,LU,89997,,contact@eurofins.com,https://eurofins.com,,
RMHC of Ohio Valley Inc,898 Main St,Louisville,US,97580,,contact@rmhc.org,https://rmhc.org,,
ABS-Beschichtungen GmbH,Ludwig-Erhard-Str 10,Kevelaer,DE,59674,,contact@abs-beschichtungen.de,https://abs-beschichtungen.de,,
Sigma Aldrich,3050 Spruce St,St. Louis,US,54092,,contact@merckgroup.com,https://merckgroup.com,,
427 QEW Kia,427/QEW Highway,Mississauga,CA,13761,,contact@427kia.ca,https://427kia.ca,,
Eurofins,23 Val Fleuri,Luxembourg,LU,74789,,contact@eurofins.com,https://eurofins.com,,
427 QEW Kia,427/QEW Highway,Mississauga,CA,52600,,contact@427kia.ca,https://427kia.ca,,
Shoppers Drug Mart #313,243 Consumers Rd,Toronto,CA,33834,,contact@shoppersdrugmart.ca,https://shoppersdrugmart.ca,,
C and T Investments Inc,500 W Madison St,Chicago,US,73904,06-1594084,contact@ctinvestments.com,https://ctinvestments.com,,
"Schlienkamp, Anja",Musterstraße 1,Berlin,DE,37802,,contact@wallmeyer.de,https://wallmeyer.de,,
SHOPPERS DRUG MART #313,243 Consumers Rd,Toronto,CA,56507,,contact@shoppersdrugmart.ca,https://shoppersdrugmart.ca,,
AppExtremes LLC,123 Tech Blvd,San Francisco,US,43862,,contact@conga.com,https://conga.com,,
ACMI Beverage SPA,Via dell'Industria 10,Bologna,IT,54608,,contact@acmi.it,https://acmi.it,,
ABC-CZEPCZYŃSKI SP.ZO.O. SP.K.,ul. Warszawska 1,Warszawa,PL,46655,,contact@abc-czepczynski.pl,https://abc-czepczynski.pl,,
Minister of Finance (DEACTIVATED),Frost Building South,Toronto,CA,88139,,contact@ontario.ca,https://ontario.ca,,
DSMZ,Inhoffenstraße 7B,Braunschweig,DE,46211,,contact@dsmz.de,https://dsmz.de,,
DSMZ,Inhoffenstraße 7B,Braunschweig,DE,82848,,contact@dsmz.de,https://dsmz.de,,
Telus,25 York St,Toronto,CA,11330,,contact@telus.com,https://telus.com,,
1-800-GOT-JUNK?,1 Got Junk Way,Vancouver,CA,77715,,contact@1800gotjunk.com,https://1800gotjunk.com,,
1-800-GOT-JUNK? (DEACTIVATED),1 Got Junk Way,Vancouver,CA,35042,,contact@1800gotjunk.com,https://1800gotjunk.com,,
ABS Safety Gmbh,Gewerbering 3,Kevelaer,DE,21221,DE233002380,contact@abs-safety.de,https://abs-safety.de,,
ABS-BESCHICHTUNGEN GMBH,Ludwig-Erhard-Str 10,Kevelaer,DE,41635,,contact@abs-beschichtungen.de,https://abs-beschichtungen.de,,
Shoppers Drug Mart #313,243 Consumers Rd,Toronto,CA,63271,,contact@shoppersdrugmart.ca,https://shoppersdrugmart.ca,,
1-800-GOT-JUNK? (DEACTIVATED) (DEACTIVATED),1 Got Junk Way,Vancouver,CA,74038,,contact@1800gotjunk.com,https://1800gotjunk.com,,
Eurofins,23 Val Fleuri,Luxembourg,LU,82768,,contact@eurofins.com,https://eurofins.com,,
Iron Mountain,745 Atlantic Ave,Boston,US,41499,,contact@ironmountain.com,https://ironmountain.com,,
Alexander Willowridge Industrial,123 Willowridge Dr,Calgary,CA,72402,,contact@willowridgeconstruction.ca,https://willowridgeconstruction.ca,,
ACMI Beverage SPA,Via dell'Industria 10,Bologna,IT,94659,,contact@acmi.it,https://acmi.it,,
Royal Bank of Canada,200 Bay St,Toronto,CA,74332,,contact@rbc.com,https://rbc.com,,
IGA,123 Grocery Ln,Vancouver,CA,68743,,contact@iga.ca,https://iga.ca,,
Dairy Queen,1 DQ Way,Minneapolis,US,12260,,contact@dairyqueen.com,https://dairyqueen.com,International Dairy Queen Inc,
Millipore,80 Ashby Rd,Burlington,US,22196,,contact@merckgroup.com,https://merckgroup.com,,
C & T Investments Inc,500 W Madison St,Chicago,US,48566,06-1594084,contact@ctinvestments.com,https://ctinvestments.com,,
DHL Supply Chain,1801 International Dr,Westerville,US,39045,,contact@dhl.com,https://dhl.com,,
DHL Supply Chain,512 International Dr,Westerville,US,63005,,contact@dhl.com,https://dhl.com,,
Royal Bank of Canada,200 Bay St,Toronto,CA,41890,,contact@rbc.com,https://rbc.com,,
"Schlienkamp, Anja",813 1,Berlin,DE,50135,,contact@wallmeyer.de,https://wallmeyer.de,,
Alexander Willowridge Industrial,123 Willowridge Dr,Calgary,CA,97026,,contact@willowridgeconstruction.ca,https://willowridgeconstruction.ca,,
Iron Mountain,745 Atlantic Ave,Boston,US,86225,,contact@ironmountain.com,https://ironmountain.com,,
Alexander Willowridge Industrial,123 Willowridge Dr,Calgary,CA,58368,,contact@willowridgeconstruction.ca,https://willowridgeconstruction.ca,,
